customer_id,first_name,last_name,email,country,signup_date
1,William,Wallace,hdavis@example.com,Philippines,2024-12-03
2,Gordon,Newton,mosleyemily@example.org,Luxembourg,2024-09-27
3,Lauren,Chan,bmurphy@example.net,Netherlands,2024-11-22
4,Riley,Wilkins,jacobhicks@example.com,El Salvador,2026-04-02
5,Steven,Wang,debra85@example.org,Swaziland,2025-12-24
6,Christopher,Bennett,greenrachael@example.net,Sweden,2025-05-18
7,Veronica,Parsons,prestonmaxwell@example.net,Finland,2025-10-22
8,Joanna,Rodriguez,williamskevin@example.com,Uzbekistan,2025-12-22
9,Stephen,Clay,erica23@example.com,Canada,2024-06-15
10,Nicole,Ellison,jonathonmurphy@example.com,Guadeloupe,2025-08-15
11,Anthony,Ruiz,alice92@example.org,Timor-Leste,2025-04-13
12,Ashlee,White,heather14@example.net,Brunei Darussalam,2026-02-26
13,Mark,Petersen,cwalters@example.org,Sao Tome and Principe,2024-06-13
14,Rachel,Chaney,anncordova@example.com,Afghanistan,2025-09-27
15,Jonathan,Freeman,chelseyrandall@example.org,Puerto Rico,2025-02-22
16,Nancy,Nunez,cuevasdavid@example.com,China,2025-12-11
17,Jacob,Mitchell,egross@example.com,Antarctica (the territory South of 60 deg S),2024-11-07
18,Mark,Williams,patrickfoster@example.org,Paraguay,2025-02-25
19,Jacob,Peterson,nelsonryan@example.org,Saint Pierre and Miquelon,2025-02-17
20,Joshua,Larson,anna57@example.net,Netherlands,2025-03-23
21,Judith,Willis,morrowrobert@example.com,Luxembourg,2025-05-16
22,John,Watson,rickykent@example.org,Madagascar,2024-11-30
23,William,Solomon,kvega@example.net,Israel,2025-09-20
24,Jason,Cowan,lisawillis@example.org,Gambia,2025-05-27
25,Henry,Alexander,tracy45@example.org,Uganda,2026-03-19
26,Suzanne,Murillo,jessicaking@example.net,Nepal,2025-06-27
27,John,Schmidt,alexanderamy@example.net,Norway,2026-02-15
28,Tyler,Barrera,carrillolynn@example.net,Comoros,2025-03-04
29,Tammy,Simmons,jasonfoley@example.net,Seychelles,2025-03-19
30,Brett,Giles,terry90@example.org,Iraq,2025-04-19
31,Kathleen,Romero,campbellsarah@example.org,Saint Lucia,2025-12-23
32,Marcus,Palmer,jeremy45@example.org,Rwanda,2025-03-12
33,Grace,Williams,nicholeburns@example.com,Honduras,2024-12-09
34,Jennifer,Davis,williamscathy@example.org,Heard Island and McDonald Islands,2025-10-10
35,Dawn,Parsons,mbrown@example.net,Congo,2025-05-15
36,Keith,Odom,briannawright@example.org,Solomon Islands,2025-05-15
37,Angela,Perry,fgreen@example.net,Solomon Islands,2025-01-14
38,Sharon,Adams,maryaguilar@example.net,Algeria,2025-01-09
39,Heather,Simmons,bethany31@example.org,Nepal,2024-05-05
40,Scott,Miller,campbellfelicia@example.com,Turkey,2025-07-04
41,William,Moreno,carlos68@example.com,Iraq,2025-10-30
42,Julia,Griffith,whitetracey@example.org,Grenada,2025-01-04
43,Brian,Clark,kimberlymeyers@example.net,Palau,2024-06-15
44,Vickie,Olson,dtrujillo@example.com,Kiribati,2025-03-03
45,Alexa,Davidson,blake55@example.net,Sudan,2024-11-22
46,Cody,Flores,lmorales@example.com,Japan,2024-08-25
47,Bradley,Evans,katherinevaughn@example.net,Uganda,2025-02-25
48,Zachary,Mcpherson,kaisercurtis@example.org,Mauritius,2025-08-06
49,Darlene,Johnson,joshua58@example.com,Qatar,2025-05-06
50,Debra,Jones,dawsonjohn@example.net,Grenada,2026-03-03
51,Crystal,Harmon,madison87@example.com,Rwanda,2025-02-13
52,Nathan,Aguilar,tranrandy@example.org,Liberia,2024-09-30
53,Richard,Taylor,smartin@example.com,Cape Verde,2024-08-15
54,Tracy,Scott,wilsonlarry@example.com,Samoa,2024-09-18
55,Benjamin,Thompson,millerjonathan@example.com,Ethiopia,2024-05-18
56,Christopher,Murphy,richardpace@example.net,San Marino,2025-06-27
57,Troy,Cortez,zhernandez@example.com,Saudi Arabia,2024-10-20
58,Gene,Snyder,fernandezrobert@example.org,Tonga,2024-08-16
59,Bradley,Baker,destinystephenson@example.net,Lao People's Democratic Republic,2025-04-11
60,Jay,Smith,stevensleah@example.com,Ecuador,2024-10-28
61,Matthew,Wilson,emunoz@example.net,Brazil,2026-03-24
62,Melissa,Richardson,rmay@example.org,Ethiopia,2024-04-24
63,Angela,Wallace,prodriguez@example.net,Namibia,2026-02-09
64,Kenneth,Burke,cynthiawhite@example.org,Ukraine,2025-10-04
65,Cindy,Davis,jeffrey85@example.net,United Kingdom,2025-12-27
66,Susan,Lawson,ortizcassandra@example.com,Martinique,2025-04-09
67,Lauren,Johnson,jessicajohnson@example.com,Nepal,2025-12-08
68,Gabrielle,Nolan,kevin77@example.org,Montserrat,2024-07-15
69,Michael,Schneider,williamsbrittany@example.org,Bhutan,2025-01-22
70,Timothy,Morgan,evance@example.net,Sierra Leone,2024-04-15
71,Denise,Jackson,jdorsey@example.net,Egypt,2025-01-17
72,Samantha,Lawrence,smithdaniel@example.org,Lao People's Democratic Republic,2024-11-04
73,Shelley,Johnson,dianasmith@example.net,Cape Verde,2024-10-28
74,Elizabeth,Williams,holly67@example.net,Micronesia,2025-07-12
75,Morgan,Khan,laurie42@example.org,Armenia,2024-10-06
76,Christopher,Gordon,ricekelly@example.net,Burundi,2026-03-30
77,Stephen,Garrett,xmoore@example.net,Qatar,2025-04-30
78,Shelley,Cunningham,rjohnson@example.org,Austria,2024-04-16
79,Jacob,Boyd,zimmermanjohn@example.org,Panama,2024-06-04
80,Noah,Allen,jgonzalez@example.net,Japan,2024-04-08
81,Sharon,Harris,pettykelly@example.org,Bahamas,2024-11-03
82,John,Bailey,uberry@example.net,Andorra,2025-05-05
83,Ashley,Contreras,krausekatie@example.net,Ethiopia,2025-04-20
84,Tammie,York,joan94@example.com,Samoa,2024-08-16
85,Amber,Orozco,fsmith@example.com,Bahamas,2024-07-29
86,Antonio,Walter,iparker@example.org,Estonia,2025-09-18
87,Monica,Jones,ashleyfreeman@example.com,Philippines,2026-02-13
88,Larry,Smith,savannah70@example.net,Benin,2026-02-12
89,Crystal,Stout,philliparnold@example.org,Northern Mariana Islands,2025-09-18
90,Levi,Shaw,oscar21@example.org,Equatorial Guinea,2025-09-17
91,Jonathan,Hamilton,dbaker@example.com,Saint Martin,2025-02-10
92,Charlotte,Rivera,michael59@example.com,Singapore,2024-12-19
93,Robert,Stephens,ysantana@example.com,Monaco,2025-06-06
94,Julie,Carrillo,danielwilliams@example.org,Azerbaijan,2025-09-10
95,Christian,Collins,stephensparks@example.org,Taiwan,2025-03-11
96,Jessica,Miller,fhughes@example.com,Niger,2025-08-11
97,Melissa,Garcia,sarachambers@example.com,Colombia,2025-05-02
98,Pamela,Zimmerman,sarah40@example.net,Montserrat,2024-12-03
99,Steven,Mathews,cwatson@example.net,Kiribati,2025-09-03
100,David,Webster,dianaholt@example.net,France,2026-01-16
101,Matthew,Rich,blevinskaren@example.net,Lesotho,2024-05-05
102,Terry,Nguyen,robertdavid@example.com,Myanmar,2025-05-24
103,Marie,Frey,santosamanda@example.com,Venezuela,2024-10-29
104,William,Ramirez,tammy33@example.com,Niue,2026-02-18
105,Nina,Daniels,houseyolanda@example.com,Dominica,2024-08-01
106,Kim,Murphy,bdiaz@example.com,Czech Republic,2025-08-06
107,Amanda,Thompson,cmcconnell@example.org,French Polynesia,2025-02-20
108,Ann,Page,johnsondebra@example.com,Netherlands,2025-03-14
109,Peter,Robertson,jordanchristine@example.org,Ghana,2025-05-18
110,Morgan,Johnson,oortega@example.net,Montserrat,2025-11-15
111,Megan,Larson,elizabethmullins@example.org,British Indian Ocean Territory (Chagos Archipelago),2026-03-04
112,Joseph,Giles,adam81@example.org,Svalbard & Jan Mayen Islands,2025-08-17
113,Carlos,Garcia,roymata@example.net,Western Sahara,2025-12-06
114,Ryan,Martin,ohunt@example.net,Palau,2024-07-30
115,Ashley,Humphrey,wilkersonjames@example.org,French Polynesia,2025-03-15
116,Jennifer,Simon,amanda92@example.com,Martinique,2024-04-22
117,Kayla,Allen,josephmurray@example.com,Costa Rica,2025-11-07
118,Ashley,Medina,robertcummings@example.com,Dominica,2024-05-09
119,Robert,Summers,brianbrown@example.com,Tunisia,2024-04-29
120,Carlos,Lowe,qwilliams@example.com,Antarctica (the territory South of 60 deg S),2026-01-25
121,Anthony,Herrera,derrick61@example.net,San Marino,2024-06-09
122,Megan,Peterson,kboyer@example.com,Liberia,2025-02-19
123,Joseph,Hood,helen53@example.com,Samoa,2025-01-29
124,Karen,Smith,barbaraabbott@example.com,Lesotho,2025-05-07
125,Sara,Mcfarland,icampos@example.net,Dominican Republic,2024-10-15
126,Jennifer,Galloway,bdiaz@example.org,Aruba,2024-11-15
127,Tony,Bell,vholloway@example.org,Mauritius,2024-07-22
128,Daniel,Hansen,vicki66@example.net,Nicaragua,2024-12-05
129,Michael,Lopez,davidwilliams@example.org,Solomon Islands,2024-08-02
130,Katelyn,Stevens,nancystout@example.net,Angola,2024-07-12
131,Jimmy,Johnson,cmurphy@example.com,Chile,2025-03-31
132,Steven,Fisher,katherine26@example.com,New Zealand,2024-06-26
133,Michael,Rodriguez,walkermegan@example.org,Saint Barthelemy,2025-12-07
134,Sean,Miranda,jwalsh@example.net,Maldives,2025-08-25
135,Jacqueline,Lang,nlopez@example.com,Guyana,2025-06-28
136,Vanessa,Barker,cynthia89@example.org,Monaco,2026-03-13
137,Rachel,Mays,derek64@example.net,Pakistan,2025-06-26
138,Maria,Perez,choideborah@example.org,Macao,2025-04-02
139,Thomas,David,markmalone@example.org,Barbados,2025-05-01
140,Tammy,Stanton,mcclainmichael@example.net,Djibouti,2026-02-11
141,Donna,Dennis,usmith@example.com,Netherlands,2024-08-16
142,Amanda,Butler,jean86@example.org,French Southern Territories,2025-04-09
143,Derek,Fisher,brian28@example.com,Bahrain,2024-11-18
144,Joseph,Martin,davisnathan@example.com,Syrian Arab Republic,2026-01-05
145,Kathleen,Rodriguez,gibsonjeremy@example.net,Nepal,2025-11-05
146,Catherine,Burns,james17@example.org,Ukraine,2026-01-03
147,John,Bush,brandonvargas@example.com,Djibouti,2024-06-18
148,Jason,Martinez,ryan18@example.net,Palestinian Territory,2025-05-01
149,Carol,Smith,john56@example.net,Ukraine,2024-10-13
150,Michele,Ingram,marshpaul@example.com,Libyan Arab Jamahiriya,2025-03-11
151,Debbie,Mcclain,madison06@example.net,Austria,2025-09-22
152,Kathryn,Lawrence,washingtontonya@example.org,Saudi Arabia,2025-11-16
153,Diana,West,elainebullock@example.org,Liberia,2024-12-06
154,Andrea,Fleming,whaynes@example.net,Haiti,2025-12-17
155,Monica,Watson,ablack@example.net,Cote d'Ivoire,2025-09-25
156,Brett,Martinez,jjohnson@example.org,Holy See (Vatican City State),2025-04-20
157,Samantha,Pratt,jasminestark@example.com,Sri Lanka,2026-01-14
158,Kelli,Franco,zoconnor@example.com,Falkland Islands (Malvinas),2025-08-26
159,Teresa,Jackson,schwartzjames@example.net,Israel,2026-01-01
160,Brian,Gonzales,brian62@example.net,Liechtenstein,2025-05-24
161,Jennifer,Lopez,xhamilton@example.org,Dominican Republic,2024-10-18
162,Susan,Benitez,rogermontoya@example.net,Tokelau,2025-02-05
163,Robert,Freeman,qcruz@example.net,Oman,2025-10-03
164,Matthew,Erickson,smithjessica@example.com,Israel,2025-11-04
165,Victoria,Brown,ericlivingston@example.org,Holy See (Vatican City State),2024-11-19
166,Sandra,Ray,lindseymartin@example.net,Turkmenistan,2024-07-06
167,Steven,Hughes,elizabeth62@example.net,British Indian Ocean Territory (Chagos Archipelago),2025-08-21
168,Larry,House,jaimeanderson@example.net,Peru,2026-01-04
169,Derrick,Obrien,brandonhorn@example.org,Seychelles,2025-01-24
170,Mia,Ryan,santosangela@example.org,United States Virgin Islands,2025-09-12
171,Stephanie,Stout,tracy52@example.org,Western Sahara,2026-02-23
172,Bryan,Martin,pyoung@example.com,Dominica,2025-04-03
173,Brittany,Castaneda,stephenspencer@example.org,Malta,2026-03-11
174,James,Grant,johnny82@example.net,China,2024-11-18
175,Nicholas,Phillips,ianpearson@example.com,Belize,2025-07-16
176,Courtney,Williams,shawna85@example.net,Romania,2025-05-06
177,Donna,Clark,katherinebryant@example.com,Belgium,2025-12-26
178,Paul,Barnes,tsmith@example.org,Dominican Republic,2024-08-31
179,Matthew,Young,umccall@example.org,Greenland,2024-11-07
180,Ronald,Schmidt,campbelljustin@example.com,China,2025-03-19
181,Steven,Silva,jason77@example.org,Lesotho,2025-11-29
182,Alison,Young,christopher23@example.com,Anguilla,2025-12-03
183,Sandra,Snyder,julieswanson@example.net,Bahamas,2025-12-22
184,Jacqueline,Hall,roywilcox@example.net,Tanzania,2025-07-15
185,Cassandra,Smith,leealex@example.com,Azerbaijan,2025-03-06
186,Andre,Wood,wmarsh@example.com,Equatorial Guinea,2025-12-21
187,Michael,Henderson,zrogers@example.com,Niue,2024-05-27
188,Breanna,Nguyen,cohenphilip@example.net,Turkmenistan,2025-08-10
189,Megan,Martin,ehiggins@example.net,Belize,2024-07-22
190,Elizabeth,Jones,kellynicole@example.org,Cambodia,2026-03-07
191,John,Suarez,allisonleonard@example.net,Sudan,2025-05-19
192,Daniel,Mitchell,nichole59@example.com,Serbia,2025-08-09
193,Caleb,Schmitt,mgrant@example.com,South Georgia and the South Sandwich Islands,2025-11-20
194,Dennis,Ward,lauraholden@example.org,Cook Islands,2024-08-30
195,Caroline,Mcdowell,kyliediaz@example.org,Montserrat,2025-10-12
196,Wayne,Peters,fitzgeraldmichelle@example.com,Ecuador,2026-03-08
197,Mallory,Walker,xmiller@example.com,Hong Kong,2025-07-20
198,Samuel,Reese,randyprice@example.org,Lesotho,2024-07-24
199,Joseph,Robinson,fmoore@example.org,Morocco,2025-12-20
200,Kenneth,Ray,andrewsjoshua@example.com,Bhutan,2025-04-30
